Latitude,Longitude,Demand_Forecast,Traffic_Status,Waiting_Time,Traffic_Encoded,Cluster_ID
-65.7383,11.2497,285,Detour,38,2,5
22.2748,-131.7086,174,Heavy,16,3,7
54.9232,79.5455,260,Detour,34,2,8
42.39,-1.4788,160,Heavy,37,3,12
-65.8477,47.9468,270,Clear,56,1,16
73.3312,46.5831,189,Clear,56,1,4
27.9307,147.5317,198,Clear,32,1,9
46.5643,-126.5348,253,Detour,30,2,15
-83.6737,-31.7125,206,Clear,14,1,2
54.1683,-135.2676,224,Clear,52,1,4
82.9633,-154.5274,171,Clear,28,1,1
-25.2768,156.1262,238,Detour,13,2,8
-65.526,-3.0202,114,Detour,38,2,6
-26.1836,-30.3641,115,Detour,30,2,6
2.6709,-80.8879,231,Heavy,54,3,0
-22.4793,-54.5143,256,Clear,45,1,16
-34.5353,-40.8617,170,Clear,58,1,3
-8.7105,-17.8347,106,Detour,23,2,6
14.6629,116.0696,204,Detour,29,2,9
75.7743,108.9425,248,Clear,21,1,15
50.3419,108.5647,195,Detour,31,2,9
-6.6729,132.6727,235,Heavy,20,3,10
-74.1751,-102.7331,135,Detour,57,2,14
-33.2264,169.6187,282,Clear,35,1,17
-34.4469,93.1585,238,Detour,41,2,8
-13.511,141.8454,262,Detour,22,2,8
-22.427,108.2306,101,Heavy,22,3,7
43.3353,-12.0683,248,Heavy,14,3,13
-66.7517,161.45,155,Heavy,26,3,10
-65.7349,-173.3011,252,Heavy,17,3,13
-55.4768,18.2551,240,Clear,41,1,16
5.9179,74.8254,242,Heavy,39,3,0
49.3929,-47.5805,220,Detour,48,2,4
80.3158,70.765,205,Heavy,45,3,0
-19.8847,42.5062,134,Detour,28,2,6
5.4555,-147.5455,222,Detour,54,2,5
-19.2577,66.744,266,Heavy,50,3,0
-79.0792,-16.3423,261,Heavy,14,3,13
-1.6787,3.2441,255,Detour,19,2,8
-8.2431,-12.4959,196,Clear,45,1,16
-30.0701,135.6396,129,Clear,12,1,11
61.8444,107.4835,183,Detour,39,2,4
40.784,77.2346,170,Clear,40,1,3
-68.3515,158.251,209,Clear,15,1,9
-33.8378,73.3221,113,Clear,52,1,3
69.6609,38.4464,265,Heavy,17,3,13
20.8843,1.3947,123,Clear,47,1,3
-14.8081,-177.3003,189,Heavy,35,3,14
0.0414,-130.6505,154,Clear,46,1,3
-79.9146,-3.8554,175,Heavy,47,3,14
76.4465,173.1493,289,Heavy,14,3,13
-15.6005,-92.1974,143,Heavy,39,3,14
67.396,170.1537,128,Clear,55,1,3
33.6179,-67.2758,137,Heavy,16,3,7
-50.8174,-40.3409,140,Clear,12,1,11
50.2709,125.6915,127,Detour,52,2,12
-73.8211,3.187,290,Detour,19,2,2
79.1172,178.4934,242,Heavy,40,3,0
27.4253,90.1386,143,Clear,37,1,3
67.9086,-140.0283,250,Clear,19,1,15
-72.8958,129.8921,169,Heavy,37,3,10
-58.6802,-62.7474,241,Heavy,23,3,13
64.0395,-151.7045,236,Detour,49,2,4
-24.1402,-168.6013,197,Heavy,39,3,14
72.8574,179.01,267,Detour,12,2,8
7.3575,86.6442,260,Detour,32,2,8
68.9594,-123.5048,182,Clear,50,1,3
14.9079,50.1606,256,Heavy,34,3,0
66.2353,10.8345,212,Detour,24,2,9
70.1899,-65.6792,254,Heavy,19,3,13
51.4539,-20.8253,122,Clear,49,1,3
-39.88,55.1792,264,Detour,35,2,8
-17.2355,-130.6915,225,Detour,12,2,2
-44.2576,-86.5073,192,Clear,56,1,16
19.9257,116.0526,288,Heavy,14,3,13
-47.2094,15.6324,204,Clear,22,1,9
-58.4249,-57.6609,172,Clear,51,1,3
-20.0696,-73.2689,243,Clear,21,1,2
-36.8549,164.7618,245,Heavy,57,3,0
-86.6609,-128.0354,248,Clear,59,1,16
-53.3732,-99.637,252,Clear,38,1,16
-58.7963,-150.4122,211,Clear,39,1,16
-46.1616,-46.6401,169,Detour,50,2,14
33.8716,36.8753,127,Heavy,39,3,12
35.7136,-23.1356,156,Clear,51,1,3
36.3858,-107.3894,138,Heavy,39,3,7
26.6125,25.4788,105,Heavy,28,3,7
-84.8915,57.5714,254,Clear,41,1,16
-49.6846,-63.2892,248,Clear,56,1,16
14.7474,-2.5245,151,Detour,25,2,1
-8.6011,-63.1274,272,Clear,59,1,16
67.2149,117.9203,105,Heavy,23,3,7
-11.3392,-69.3395,125,Heavy,53,3,14
26.3763,157.0905,214,Clear,19,1,9
-13.469,75.3408,217,Heavy,26,3,10
-11.2424,-4.5638,262,Detour,21,2,8
62.6559,18.8474,151,Detour,29,2,1
60.8032,-179.5906,165,Heavy,26,3,7
-10.0451,79.8956,136,Detour,35,2,6
17.6483,114.2638,233,Detour,51,2,4
-51.9233,-57.5858,137,Clear,18,1,11
22.3898,3.8948,169,Clear,38,1,3
86.3368,29.4478,150,Detour,41,2,12
-14.6662,-88.3674,140,Heavy,43,3,14
-71.9057,-41.4314,117,Heavy,47,3,14
54.8888,7.4287,298,Clear,31,1,15
-89.7915,85.8036,141,Detour,44,2,6
39.9088,71.9595,202,Heavy,46,3,0
30.7119,111.5767,263,Clear,55,1,17
5.7076,-79.9256,274,Detour,39,2,5
69.0509,91.848,223,Clear,24,1,9
52.7828,176.0671,285,Clear,24,1,8
42.967,146.1358,242,Detour,41,2,8
-11.9943,-126.8743,273,Detour,42,2,5
60.5903,-90.0415,228,Clear,59,1,4
-23.2982,143.8634,296,Clear,49,1,17
-34.2189,-36.6288,100,Heavy,18,3,7
19.545,73.0968,106,Detour,38,2,6
33.3351,-103.926,225,Detour,54,2,4
-63.2064,30.0818,284,Clear,19,1,2
83.2858,-66.1069,226,Detour,60,2,4
-23.2424,18.6206,149,Clear,38,1,3
-89.0793,130.3362,281,Detour,35,2,8
-11.2908,-105.2515,226,Detour,36,2,5
0.3773,-13.6838,298,Detour,46,2,5
-7.77,163.5958,174,Heavy,50,3,12
-80.1222,-56.1497,181,Heavy,53,3,14
-84.8041,57.168,136,Heavy,45,3,14
-13.1475,-1.0702,109,Heavy,32,3,7
-87.5547,113.4629,177,Detour,20,2,9
72.9066,36.1965,184,Heavy,51,3,12
16.1951,-119.4492,220,Clear,30,1,15
28.3461,-1.5547,137,Heavy,18,3,7
-35.5663,47.4028,111,Clear,15,1,11
-33.246,106.3248,173,Heavy,55,3,14
10.2059,98.618,278,Heavy,54,3,0
-6.2311,173.6264,281,Heavy,17,3,13
-78.1094,-52.5435,264,Heavy,25,3,13
-70.3645,-128.8622,126,Detour,40,2,6
18.1183,116.4939,151,Heavy,10,3,7
20.2969,124.1885,283,Detour,41,2,8
-27.7387,19.6189,298,Detour,46,2,5
-31.1328,175.8453,110,Clear,29,1,11
24.8353,-83.7173,107,Clear,43,1,3
-32.724,82.9577,248,Detour,52,2,5
72.122,89.9728,296,Heavy,32,3,13
-7.636,51.0615,294,Clear,59,1,17
-24.0118,111.4726,276,Detour,23,2,8
77.0042,-12.2919,189,Heavy,18,3,10
-38.6867,-19.9939,214,Clear,16,1,2
41.375,77.2949,236,Clear,46,1,17
-68.4651,179.4433,107,Detour,30,2,6
-13.0063,0.5345,114,Heavy,30,3,7
41.3066,161.1462,262,Heavy,39,3,0
-23.1011,-54.5176,262,Detour,44,2,5
-17.6088,-41.4304,176,Detour,26,2,1
-72.4492,131.8524,152,Detour,59,2,6
27.3601,-105.0457,149,Clear,49,1,3
-86.5291,-36.5789,127,Clear,56,1,3
10.2078,36.857,145,Detour,22,2,1
-42.6759,-7.9818,119,Heavy,45,3,14
36.2494,143.1951,272,Detour,28,2,8
28.9964,151.6114,270,Detour,34,2,8
-22.1005,-38.8449,118,Detour,48,2,6
47.2803,32.1356,230,Heavy,23,3,10
-25.4692,-70.7603,117,Detour,24,2,1
20.1451,158.7402,115,Detour,57,2,12
-29.2726,149.6329,115,Detour,21,2,6
-82.3942,179.9237,191,Heavy,24,3,10
37.3932,53.447,208,Detour,34,2,9
-3.4094,-85.8774,166,Clear,60,1,3
-60.2782,-7.5464,252,Clear,20,1,2
-1.8123,-156.207,110,Heavy,26,3,7
45.553,20.9015,150,Detour,27,2,1
-28.382,-47.8231,131,Clear,22,1,11
-71.0852,-12.9187,277,Clear,20,1,2
-35.6424,-106.7595,256,Heavy,18,3,13
-81.622,-152.0754,212,Heavy,41,3,14
-22.9111,-154.3594,131,Clear,49,1,3
-68.7937,-164.3866,186,Heavy,51,3,14
-25.5794,132.2662,272,Clear,51,1,17
49.0465,41.3428,272,Heavy,19,3,13
-81.6677,-40.8327,126,Detour,49,2,6
-69.6887,-34.4563,220,Clear,33,1,16
-49.1811,-94.1515,249,Clear,57,1,16
12.8172,76.1408,175,Clear,30,1,9
20.1146,19.7583,158,Clear,55,1,3
84.1317,-144.784,162,Heavy,46,3,12
-53.9329,30.3236,235,Clear,15,1,2
31.8571,-83.1698,138,Detour,39,2,1
67.7302,-70.1861,246,Heavy,40,3,0
73.3723,93.2464,179,Detour,35,2,9
68.2361,-85.9216,282,Clear,18,1,15
40.5478,147.0261,201,Clear,52,1,4
-36.4299,58.0595,102,Detour,33,2,6
83.2003,-119.0412,103,Clear,18,1,11
74.5816,-19.6986,154,Clear,23,1,11
-64.7094,137.791,191,Clear,10,1,9
-59.602,62.712,246,Clear,60,1,16
-68.3712,-65.9802,257,Heavy,51,3,0
3.8431,91.0078,127,Heavy,57,3,12
76.3946,105.7941,116,Heavy,42,3,12
-46.1871,9.4679,158,Heavy,35,3,14
-10.8849,86.0812,130,Clear,12,1,11
-67.7619,176.4012,237,Clear,15,1,2
-22.1101,-65.135,162,Detour,24,2,1
75.1113,-136.48,280,Clear,50,1,15
-69.343,131.9033,112,Heavy,55,3,6
35.6522,-84.7025,278,Clear,32,1,15
-86.157,-92.4652,211,Detour,13,2,2
25.1355,-2.6802,206,Clear,19,1,9
12.0938,96.8996,286,Detour,31,2,8
-77.0862,137.9042,139,Clear,42,1,3
-17.1205,-47.0657,246,Detour,40,2,5
-52.8874,162.7464,233,Detour,17,2,9
-3.6578,176.299,206,Clear,28,1,9
-7.6641,-25.3717,112,Heavy,55,3,12
-82.1416,-91.8925,209,Clear,24,1,2
87.5079,-125.5319,147,Clear,22,1,1
-76.8771,94.6166,154,Heavy,44,3,14
89.2765,166.6548,229,Heavy,35,3,0
-82.8546,7.876,249,Clear,57,1,16
-40.284,-86.8089,110,Heavy,33,3,7
2.2208,-170.2641,140,Heavy,36,3,7
54.8423,175.5701,269,Heavy,26,3,13
-78.4723,-82.615,213,Detour,23,2,2
4.8496,-60.7988,271,Heavy,24,3,13
54.0342,-98.3083,124,Heavy,33,3,7
41.43,-128.1678,217,Heavy,27,3,10
-56.0674,82.9431,272,Clear,32,1,2
-0.8539,-177.5496,181,Clear,44,1,3
54.5973,-128.4974,243,Clear,12,1,15
-46.1457,161.0254,231,Detour,52,2,4
76.8391,140.3011,279,Detour,24,2,8
-59.1914,-125.4515,249,Detour,42,2,5
-75.6177,-156.976,185,Detour,35,2,14
-24.1694,30.0335,105,Detour,47,2,6
-6.8584,150.6127,263,Clear,18,1,2
-32.2146,166.7941,227,Detour,51,2,4
-46.3051,-93.1541,292,Detour,60,2,5
-85.0859,41.138,246,Clear,47,1,16
89.1858,-159.3242,290,Detour,16,2,15
1.429,-119.0925,184,Detour,10,2,1
78.3252,15.2758,100,Heavy,53,3,12
-9.2287,107.9306,188,Detour,53,2,4
71.4327,127.3664,206,Heavy,16,3,10
-84.0049,111.8327,200,Heavy,23,3,10
7.0779,-165.136,263,Clear,15,1,15
-86.0858,117.8697,101,Detour,43,2,6
59.2432,175.9873,127,Heavy,57,3,12
-39.3003,-121.6771,268,Heavy,51,3,0
-83.672,164.2522,221,Clear,24,1,9
5.9541,-156.4873,198,Detour,15,2,1
-16.3804,-119.0546,271,Heavy,22,3,13
-27.4913,-1.8571,131,Heavy,33,3,7
67.7002,43.853,261,Detour,57,2,4
30.5045,52.2559,139,Clear,22,1,11
4.8619,61.4224,209,Detour,19,2,9
84.0872,85.2383,189,Detour,26,2,9
11.5213,-168.4741,104,Detour,24,2,1
63.7701,163.2651,198,Heavy,29,3,10
57.5757,-35.0439,219,Heavy,24,3,10
-66.6009,-11.7155,259,Clear,58,1,16
18.755,-46.8871,200,Detour,11,2,1
50.3574,128.5618,268,Heavy,20,3,13
46.9009,3.749,182,Detour,31,2,1
17.5319,-65.0765,128,Clear,30,1,11
4.8305,-6.5757,247,Clear,51,1,16
38.8917,-38.8032,238,Detour,24,2,15
-20.0482,-83.6915,111,Heavy,32,3,7
-83.2534,-166.3309,269,Clear,10,1,2
-4.8643,75.4304,102,Clear,23,1,11
46.7637,-146.4348,146,Clear,41,1,3
-68.3909,-122.557,178,Heavy,58,3,14
62.3457,-54.2033,282,Heavy,58,3,0
72.8857,135.9494,165,Heavy,33,3,10
2.2782,-158.4628,135,Heavy,19,3,7
11.7686,154.6043,109,Detour,12,2,6
-75.598,11.134,181,Heavy,53,3,14
23.2931,106.0267,205,Detour,42,2,4
-11.3114,-139.811,160,Clear,20,1,11
9.6491,47.3499,231,Heavy,50,3,0
10.9354,-27.3551,247,Heavy,14,3,13
84.9482,59.5314,288,Clear,51,1,17
49.7212,179.2025,135,Detour,47,2,12
-28.8968,-117.9471,213,Clear,48,1,16
-55.5154,-163.6943,133,Detour,31,2,1
16.7636,29.2783,203,Heavy,12,3,10
-76.307,5.0298,184,Heavy,19,3,10
-22.4693,149.9634,152,Clear,41,1,3
71.8859,93.4464,212,Heavy,50,3,0
-9.7179,-117.0145,109,Detour,31,2,1
-12.2288,-74.7801,162,Clear,41,1,3
5.4618,-179.8202,214,Clear,26,1,15
-54.8317,66.4706,256,Detour,25,2,8
-80.0522,-102.2508,141,Detour,52,2,14
-13.0527,-122.0924,176,Detour,22,2,1
6.3666,136.0794,165,Detour,45,2,6
83.1243,48.4325,228,Detour,52,2,4
51.1898,25.5964,116,Heavy,39,3,12
-76.3987,-68.1922,226,Clear,48,1,16
70.5541,-150.1626,230,Clear,16,1,15
-38.2185,104.1667,177,Detour,19,2,9
39.1411,138.1786,200,Heavy,33,3,10
-68.8006,159.004,240,Clear,43,1,17
51.1598,-170.9311,151,Heavy,14,3,7
-29.5867,41.0612,249,Heavy,49,3,0
-51.3412,-112.1636,107,Clear,21,1,11
-49.5057,174.3533,148,Clear,37,1,3
0.7577,120.0181,134,Heavy,29,3,7
-2.2911,64.2731,249,Detour,36,2,8
78.4324,125.0181,271,Detour,36,2,8
-2.8329,-29.9102,143,Detour,39,2,6
70.0103,-164.1914,255,Detour,25,2,15
11.4885,-172.569,234,Detour,31,2,5
74.5261,123.6828,196,Detour,47,2,4
-12.9509,132.4986,197,Detour,18,2,9
81.79,-52.7516,123,Heavy,58,3,12
47.7175,72.531,263,Detour,34,2,8
-21.5329,-145.2581,271,Heavy,54,3,0
-4.5863,71.7337,187,Detour,23,2,9
-26.6775,-77.2847,270,Clear,56,1,16
-30.6957,29.255,183,Detour,42,2,14
64.5212,-83.2639,240,Detour,35,2,4
68.181,-84.9051,255,Clear,31,1,15
-81.2116,13.9727,290,Clear,36,1,2
-21.308,-14.9017,234,Heavy,11,3,13
77.2059,-132.0473,101,Detour,54,2,12
21.4872,-123.6879,251,Detour,23,2,15
47.7603,-137.0932,280,Detour,53,2,5
-4.7971,56.411,132,Heavy,55,3,12
-11.1333,-40.0454,206,Clear,35,1,16
15.5083,115.4388,285,Detour,56,2,17
-70.6858,54.4683,264,Heavy,36,3,13
-18.4278,101.4997,171,Detour,38,2,6
43.7523,149.8334,201,Detour,42,2,4
18.5151,24.3559,282,Detour,39,2,8
84.6774,61.0153,249,Detour,50,2,4
49.5864,-154.4224,268,Detour,59,2,5
-51.319,-46.5841,132,Heavy,26,3,7
-12.9902,176.1206,156,Heavy,12,3,10
6.8181,52.3685,192,Clear,33,1,9
-3.038,106.5694,104,Clear,48,1,3
35.5141,90.8087,296,Detour,17,2,8
-40.8724,-42.3243,136,Clear,16,1,11
44.6347,-110.6304,136,Detour,47,2,12
76.5468,-13.5249,105,Clear,24,1,11
72.8206,90.5169,254,Detour,32,2,8
81.2554,4.8416,244,Heavy,51,3,0
74.9107,17.8019,185,Clear,40,1,3
20.446,149.3776,162,Clear,12,1,9
-60.7101,-29.4842,300,Heavy,49,3,0
74.2314,-113.7355,154,Detour,21,2,1
16.9737,-7.8198,286,Detour,44,2,5
35.8055,-41.1532,125,Clear,54,1,3
6.7867,-133.6343,228,Clear,25,1,15
6.184,36.1898,226,Detour,24,2,9
-75.0605,-52.5256,203,Clear,56,1,16
-77.891,-96.7804,122,Clear,54,1,3
-47.154,6.9021,118,Heavy,50,3,14
76.1715,-0.0071,162,Heavy,17,3,7
-85.8283,163.4575,273,Clear,41,1,17
6.009,-33.838,215,Heavy,23,3,10
3.8184,139.4876,154,Heavy,25,3,10
66.3417,-154.1243,131,Detour,16,2,1
-61.8623,113.6304,157,Clear,43,1,3
44.502,66.5819,242,Heavy,54,3,0
-12.2885,38.4287,270,Clear,50,1,17
-40.8275,-46.7423,145,Clear,51,1,3
-76.5757,-52.269,140,Clear,16,1,11
-79.279,69.568,297,Heavy,16,3,13
84.3451,-106.877,212,Clear,48,1,4
-19.0721,161.7246,174,Detour,52,2,6
-69.0311,-32.9575,300,Clear,21,1,2
87.7793,-108.9268,199,Detour,23,2,1
-48.3633,-36.2936,248,Clear,58,1,16
-36.4104,-4.335,164,Heavy,20,3,7
-39.225,-156.4228,269,Clear,10,1,2
84.0407,-74.7098,103,Clear,52,1,3
-68.5324,127.5394,168,Detour,49,2,6
-8.4586,44.4779,199,Detour,35,2,9
14.0092,-131.9758,297,Clear,34,1,15
3.6602,107.779,240,Heavy,16,3,13
29.342,-68.5682,231,Clear,36,1,15
-20.6524,-102.5762,290,Heavy,26,3,13
-88.696,117.3902,126,Heavy,37,3,6
-27.0315,40.2451,109,Clear,14,1,11
25.5135,-147.3897,106,Clear,17,1,11
68.4014,-52.0862,286,Clear,54,1,17
-7.1543,-132.8372,100,Clear,25,1,11
-78.2763,151.3943,284,Clear,57,1,17
33.9665,-46.5423,224,Heavy,41,3,0
-59.6899,143.0428,215,Detour,41,2,9
25.7047,150.6302,277,Clear,32,1,17
15.4009,52.3537,156,Heavy,54,3,12
-86.7799,-102.1496,279,Clear,10,1,2
40.3406,159.0723,102,Heavy,35,3,12
40.4005,-149.1521,189,Detour,18,2,1
-85.1352,73.2511,249,Clear,28,1,2
-1.28,1.0168,229,Heavy,12,3,13
45.2617,-152.3952,270,Detour,44,2,5
-14.7713,-117.3565,159,Clear,35,1,11
51.4225,112.3362,252,Detour,50,2,4
-15.2991,-95.0112,147,Heavy,15,3,7
86.6678,-139.6955,115,Detour,47,2,12
44.5442,-73.4346,145,Detour,39,2,1
-48.4503,-99.9978,104,Detour,16,2,11
-37.3934,31.4093,184,Heavy,24,3,10
34.0712,123.0237,238,Clear,58,1,17
-21.5633,-12.8487,262,Heavy,19,3,13
-33.3756,7.8261,106,Detour,41,2,6
-61.849,-123.7835,247,Clear,39,1,16
88.5686,-161.7382,160,Detour,12,2,1
-69.408,-8.1703,107,Detour,28,2,6
-49.1524,14.1164,163,Clear,30,1,11
27.787,8.2288,207,Heavy,51,3,0
-13.8485,119.2071,292,Clear,38,1,17
25.5003,-47.5718,128,Heavy,60,3,12
69.4106,61.7368,105,Heavy,50,3,12
-6.8964,-35.5418,234,Detour,24,2,8
-0.1148,-127.6784,160,Heavy,41,3,14
-41.4279,178.8694,138,Clear,51,1,3
-0.9333,124.8495,226,Clear,34,1,9
-58.2175,7.2699,247,Heavy,58,3,0
83.3287,-84.2738,131,Clear,47,1,3
-33.2637,45.4122,133,Detour,34,2,6
74.3356,112.5528,125,Detour,58,2,12
-53.3015,11.4861,110,Heavy,35,3,7
-22.5519,60.711,120,Detour,57,2,6
61.697,164.5493,225,Clear,40,1,9
-75.2867,-163.4,168,Detour,13,2,1
87.1386,-114.968,265,Detour,31,2,15
51.2486,-41.4882,147,Detour,13,2,1
-19.8201,2.4374,168,Detour,18,2,1
-13.561,-52.5469,225,Detour,24,2,9
51.4883,105.7445,274,Heavy,25,3,13
21.5738,-95.1501,242,Heavy,36,3,0
-31.8174,59.5716,112,Heavy,54,3,12
-76.0304,112.9276,173,Clear,48,1,3
47.5481,-97.4831,212,Heavy,48,3,0
77.8751,144.04,145,Detour,45,2,12
-56.6674,-50.0426,129,Detour,53,2,6
62.0999,-9.5972,256,Detour,59,2,4
57.9908,-117.5288,181,Detour,16,2,1
73.1274,-63.9399,159,Detour,22,2,1
-28.6949,-110.5161,139,Detour,24,2,1
-28.9152,114.375,221,Detour,32,2,9
83.9488,131.1197,160,Detour,46,2,12
52.1635,10.8296,158,Clear,54,1,3
36.5185,-71.9718,298,Heavy,10,3,13
-10.8232,144.0982,225,Heavy,30,3,10
-37.9195,-99.3768,268,Detour,50,2,5
-7.2984,-44.5918,202,Heavy,32,3,10
13.6845,-126.4199,291,Detour,19,2,15
-70.6428,166.3723,256,Detour,35,2,8
-19.3929,-10.2537,108,Heavy,22,3,7
-32.5141,-170.9566,283,Detour,18,2,2
59.3783,74.9628,120,Detour,35,2,12
-36.2517,72.4728,173,Heavy,46,3,14
-55.9854,-149.8958,237,Detour,24,2,2
27.3259,-116.2066,275,Detour,11,2,15
27.7357,-170.5766,241,Detour,11,2,15
23.2023,92.2763,141,Clear,35,1,3
87.5129,-65.0922,287,Clear,20,1,15
81.1975,137.0497,177,Detour,59,2,4
55.919,-39.578,281,Clear,10,1,15
-15.3314,22.397,270,Clear,34,1,17
-55.3603,79.1276,232,Clear,49,1,16
8.3934,-165.2068,125,Detour,25,2,1
27.499,-98.0697,127,Heavy,16,3,7
14.687,-33.9771,180,Detour,21,2,1
19.3645,-149.4523,122,Heavy,27,3,7
38.0858,-149.297,158,Detour,18,2,1
4.379,97.6354,142,Heavy,20,3,7
-28.8542,119.5019,242,Clear,19,1,2
-17.5843,-151.1609,239,Detour,44,2,5
15.5281,-170.3941,127,Heavy,30,3,7
-83.8983,-128.1642,265,Heavy,25,3,13
-25.4823,169.1921,251,Clear,43,1,17
-69.493,-118.9742,122,Heavy,44,3,14
-8.0714,-158.0304,140,Heavy,50,3,14
-59.9919,-162.9143,237,Heavy,40,3,5
-47.5239,58.4771,230,Heavy,22,3,10
-39.8052,-126.4073,147,Detour,25,2,1
54.0537,-145.9922,162,Detour,17,2,1
7.0591,46.7188,282,Heavy,40,3,0
-50.3633,99.5834,183,Detour,54,2,14
51.9327,-102.4309,122,Clear,29,1,11
-36.487,14.5024,221,Clear,29,1,9
27.2654,-34.1042,107,Clear,40,1,3
15.2159,-55.6814,256,Clear,47,1,16
27.4437,43.3224,110,Clear,33,1,11
-58.6928,165.8667,203,Heavy,32,3,10
-38.0737,56.0723,299,Detour,13,2,8
-50.6778,-102.041,271,Heavy,55,3,0
-88.776,-125.1628,113,Heavy,59,3,14
69.691,148.6549,299,Clear,36,1,17
-82.2616,-141.825,290,Clear,31,1,2
2.7286,-99.5442,140,Clear,42,1,3
84.2498,-60.8861,238,Clear,19,1,15
8.7621,-2.9218,202,Clear,58,1,16
-59.0753,68.4886,297,Detour,50,2,17
5.7218,-96.5806,122,Clear,57,1,3
-38.3158,-38.3257,261,Detour,31,2,5
-87.4042,-127.3269,211,Heavy,41,3,14
-77.3648,30.9744,225,Clear,37,1,16
-73.0477,124.7969,217,Clear,23,1,9
-27.576,-111.3158,287,Detour,18,2,2
49.9465,-30.0236,100,Clear,49,1,3
-50.6856,-9.6236,114,Heavy,51,3,14
84.1122,-87.899,123,Detour,47,2,12
49.9197,79.4653,271,Clear,60,1,17
-44.6254,44.0876,132,Detour,26,2,6
-57.3005,-23.6888,228,Clear,12,1,2
-47.5698,-81.3143,223,Heavy,44,3,0
-80.2675,-80.5726,294,Heavy,34,3,13
-70.3213,-61.9179,149,Detour,43,2,14
48.2512,-106.6383,133,Heavy,50,3,12
-74.6749,-159.7164,208,Detour,11,2,2
-46.0132,-8.5335,100,Clear,19,1,11
9.3294,-71.5299,256,Heavy,36,3,0
5.0095,-113.8279,260,Heavy,56,3,0
-70.8094,75.1094,171,Heavy,22,3,10
-43.2472,163.3821,283,Detour,58,2,17
28.1016,167.1982,206,Clear,32,1,9
-56.2187,27.6037,202,Heavy,55,3,14
65.0538,-146.3887,171,Heavy,54,3,12
-30.299,153.4529,222,Detour,20,2,9
72.7626,105.821,137,Detour,49,2,12
61.8446,115.5236,247,Heavy,60,3,0
-31.1792,-46.048,277,Detour,33,2,5
-43.2004,134.8572,111,Clear,51,1,3
-79.6372,-111.7492,184,Detour,10,2,1
66.838,-175.1681,142,Heavy,22,3,7
13.7736,12.9911,110,Detour,51,2,12
-66.2696,-82.0579,299,Heavy,34,3,13
5.1238,-67.8583,234,Detour,41,2,5
-85.8715,-162.7167,209,Clear,46,1,16
86.2679,-50.7895,224,Heavy,49,3,0
21.3104,-80.5292,213,Heavy,54,3,0
-2.2841,23.4152,215,Heavy,54,3,0
-23.4709,54.5265,262,Heavy,43,3,0
44.5052,-178.7281,105,Heavy,16,3,7
-8.1413,92.8681,199,Detour,18,2,9
0.7118,108.5142,164,Heavy,18,3,10
43.2255,-143.0415,276,Heavy,14,3,13
61.8047,-72.1219,199,Clear,50,1,4
-42.6929,46.2525,148,Heavy,16,3,7
-78.0755,-11.8927,124,Detour,34,2,6
65.5547,-128.3673,157,Detour,38,2,1
-19.5574,-65.5493,191,Clear,32,1,9
17.7083,-162.0043,183,Heavy,22,3,7
-52.1686,-175.6269,172,Clear,29,1,11
-84.2375,76.9339,157,Clear,43,1,3
-7.599,-78.7489,153,Heavy,41,3,14
36.621,97.2194,212,Detour,32,2,9
-7.9899,-23.5723,243,Clear,24,1,2
-68.5749,106.2112,189,Detour,53,2,14
-86.6472,76.1641,122,Detour,41,2,6
-20.073,169.5863,245,Detour,37,2,8
8.0303,137.6073,285,Clear,57,1,17
-58.6706,162.7699,118,Clear,44,1,3
63.6092,-40.4852,295,Detour,29,2,8
69.9178,-25.7593,201,Clear,18,1,15
27.3884,-85.6938,270,Clear,16,1,15
5.5363,-6.3698,131,Heavy,11,3,7
-47.9174,-44.4673,117,Heavy,25,3,7
-58.2884,-53.9833,147,Clear,60,1,3
44.4715,61.1203,119,Detour,30,2,6
-73.5735,153.529,221,Detour,24,2,9
-39.3967,15.6452,118,Heavy,29,3,7
-46.8183,81.9142,220,Clear,34,1,9
57.3299,-54.7962,111,Detour,43,2,12
86.1935,59.4987,280,Detour,15,2,8
59.8543,-132.3865,254,Clear,22,1,15
-41.7908,84.2001,206,Detour,33,2,9
-3.7401,43.2693,251,Detour,47,2,5
-27.0196,-24.081,149,Detour,52,2,14
-53.7107,-60.5951,231,Clear,48,1,16
65.9866,135.5421,125,Heavy,50,3,12
-77.8133,-89.1179,179,Detour,33,2,14
22.3036,59.4689,191,Detour,11,2,9
-10.2023,76.7946,294,Clear,10,1,2
-9.1011,102.9819,240,Detour,45,2,4
-85.2973,149.0859,286,Heavy,39,3,13
-13.1977,107.4226,120,Clear,37,1,3
-77.327,-33.6001,274,Detour,16,2,2
-36.3388,69.5488,106,Heavy,60,3,12
-35.4951,105.3877,190,Clear,38,1,9
-50.7255,49.2993,143,Detour,42,2,6
-85.6005,35.8883,132,Clear,30,1,11
-15.3475,13.3516,172,Clear,31,1,11
36.4573,-60.8255,296,Detour,23,2,8
40.9268,-145.299,123,Heavy,50,3,12
-66.0724,48.2597,138,Detour,14,2,6
24.1971,18.693,243,Detour,21,2,8
46.8609,37.8235,145,Detour,33,2,1
-56.7854,25.8691,300,Heavy,22,3,13
-35.4329,9.9153,206,Heavy,19,3,10
63.6965,-131.1519,199,Clear,23,1,15
-43.4171,160.8423,105,Clear,30,1,11
-82.7058,-62.704,160,Clear,51,1,3
-75.3211,-58.7749,233,Detour,47,2,5
-50.7085,-85.4515,289,Heavy,50,3,0
70.7101,-175.9865,120,Detour,23,2,1
-71.1004,-147.757,158,Heavy,15,3,7
-76.8972,-3.6358,259,Detour,37,2,5
39.7998,58.7461,180,Heavy,36,3,10
78.5954,-173.0016,174,Clear,37,1,1
-53.5264,13.0019,172,Heavy,29,3,10
49.3049,-55.6493,123,Heavy,59,3,12
72.9981,12.4029,252,Detour,30,2,8
80.4177,-39.9632,184,Clear,41,1,3
-51.0247,1.8063,183,Clear,55,1,3
5.2922,172.6376,108,Clear,41,1,3
54.3099,-98.941,210,Heavy,43,3,0
-3.8161,-159.7257,245,Detour,58,2,5
-69.8431,-171.5361,267,Detour,35,2,5
9.3528,120.0011,280,Clear,45,1,17
-74.3396,-150.6339,131,Clear,47,1,3
-62.0623,133.8872,126,Heavy,23,3,7
-53.1354,-164.488,154,Detour,32,2,1
85.0389,-138.3248,162,Detour,15,2,1
48.9598,-160.9134,291,Heavy,49,3,0
44.3639,134.3967,183,Clear,36,1,9
-33.1628,143.557,182,Detour,21,2,9
-61.1518,140.8152,237,Heavy,55,3,0
-87.8115,97.0492,175,Clear,45,1,3
-48.3575,115.8351,139,Detour,29,2,6
-59.5674,11.3653,146,Heavy,57,3,14
-37.2055,79.4485,144,Clear,25,1,11
38.1095,164.7654,149,Heavy,10,3,7
-20.0991,20.1825,105,Heavy,34,3,7
89.3898,-93.1034,194,Clear,60,1,4
85.8393,74.4208,138,Heavy,14,3,7
29.5637,-162.339,233,Heavy,59,3,0
13.5274,-108.9153,168,Clear,22,1,11
49.8896,46.7765,188,Heavy,44,3,10
61.9951,28.0639,238,Heavy,10,3,13
88.3545,123.8561,135,Heavy,56,3,12
-1.4258,112.8174,190,Clear,22,1,9
-18.3801,-175.0496,274,Heavy,57,3,0
72.6206,46.1393,261,Heavy,45,3,0
-10.0844,-0.6042,269,Clear,36,1,17
73.6225,125.9589,111,Heavy,35,3,12
-67.5109,-162.0537,300,Clear,15,1,2
-4.42,-44.1619,268,Detour,34,2,5
-31.9299,48.9536,288,Detour,30,2,8
-84.5861,-56.9044,235,Clear,56,1,16
-20.6577,-86.8013,270,Heavy,29,3,13
-56.5959,153.5316,261,Heavy,57,3,0
20.6546,79.9499,293,Clear,11,1,2
-19.7553,54.2697,225,Heavy,25,3,10
68.0702,98.5995,217,Clear,31,1,9
25.964,-133.3578,106,Detour,29,2,1
-86.701,-140.0339,183,Heavy,54,3,14
-35.9441,-133.4183,255,Clear,60,1,16
62.9176,116.017,273,Detour,16,2,8
69.7549,-126.8123,106,Detour,50,2,12
-0.5355,120.9793,186,Detour,33,2,9
57.9277,-106.3278,283,Clear,14,1,15
-86.177,112.1068,239,Clear,36,1,16
-9.2728,-173.0699,173,Clear,24,1,11
-84.3224,76.1163,277,Heavy,20,3,13
-27.8806,-32.4778,293,Heavy,51,3,0
-48.8409,171.332,192,Detour,19,2,9
28.627,162.8857,285,Heavy,16,3,13
-7.2601,52.512,277,Heavy,55,3,0
-16.8576,-8.0033,265,Detour,41,2,5
-42.1652,-40.9587,224,Clear,39,1,16
4.2073,-152.132,161,Detour,52,2,14
7.8031,43.4739,207,Clear,12,1,9
-6.8792,165.0017,256,Heavy,54,3,0
60.6073,74.3625,228,Heavy,34,3,0
-87.2317,143.0006,196,Heavy,24,3,10
38.825,-51.8451,106,Heavy,45,3,12
-53.5255,-1.9486,289,Clear,55,1,17
71.1182,-120.1134,132,Detour,30,2,1
-78.4902,-101.3255,276,Clear,40,1,16
35.0933,-170.9221,173,Clear,51,1,3
67.0296,-18.7078,224,Clear,15,1,15
-29.6573,-37.6029,111,Clear,35,1,11
-9.1109,76.762,240,Detour,35,2,8
50.7076,-21.7653,235,Heavy,19,3,13
48.352,-54.56,230,Clear,17,1,15
-39.7867,81.5636,213,Detour,18,2,9
36.5436,71.7597,300,Clear,56,1,17
32.8663,-79.992,194,Heavy,22,3,10
-0.1019,99.8069,203,Clear,23,1,9
-56.8231,71.5841,242,Clear,10,1,2
-61.9668,113.8899,191,Clear,47,1,16
-63.8035,61.4571,141,Detour,26,2,6
-31.7275,-28.5676,275,Clear,14,1,2
69.9959,-10.5335,274,Detour,51,2,4
-63.1722,145.3756,146,Heavy,27,3,10
35.7913,6.3765,282,Heavy,32,3,13
-58.8531,45.0498,104,Detour,53,2,6
49.4007,-106.1531,150,Detour,44,2,1
8.4222,-69.7522,235,Clear,21,1,15
-6.5166,-143.3822,123,Heavy,32,3,7
-43.1797,-64.4769,106,Heavy,55,3,14
45.047,69.7014,229,Heavy,51,3,0
-15.8011,138.7785,236,Clear,29,1,9
-30.8564,26.7562,217,Detour,28,2,9
16.0296,-36.3349,131,Clear,34,1,11
81.3962,-79.6193,213,Heavy,35,3,0
77.5436,-156.2479,181,Heavy,18,3,7
51.8047,66.0193,153,Clear,52,1,3
37.5523,145.1973,111,Clear,46,1,3
30.5875,132.7309,270,Heavy,31,3,13
-86.9276,120.7534,287,Heavy,53,3,0
-44.6569,129.8625,124,Detour,26,2,6
53.8186,-158.4252,130,Clear,10,1,11
26.0226,103.2098,159,Clear,15,1,11
14.1508,-54.4659,267,Heavy,54,3,0
22.8356,-12.873,248,Detour,56,2,4
79.2334,166.4549,246,Heavy,36,3,0
-9.0289,-69.4256,281,Heavy,29,3,13
71.2228,-86.3993,127,Clear,15,1,11
-29.6864,-88.6901,192,Clear,14,1,11
-19.5759,-39.5531,259,Detour,42,2,5
81.1,113.2247,131,Detour,23,2,1
32.7849,30.955,266,Detour,11,2,8
49.048,4.8896,130,Heavy,49,3,12
-13.9612,89.5342,227,Detour,49,2,4
64.4113,-121.7647,269,Clear,35,1,15
-77.7986,-155.4098,168,Heavy,22,3,7
16.2591,175.1485,298,Detour,49,2,17
30.6749,78.4743,153,Heavy,27,3,7
-18.0675,76.7802,202,Clear,24,1,9
-89.7784,-163.7965,111,Clear,53,1,3
-30.5476,63.5282,243,Detour,50,2,5
-16.8317,-114.4787,118,Clear,31,1,11
42.6126,-69.5408,151,Clear,33,1,11
44.5289,31.1002,285,Detour,27,2,8
84.7161,77.1114,248,Detour,42,2,4
-64.0954,-155.4074,159,Clear,51,1,3
20.3388,-109.3313,181,Heavy,30,3,10
-14.5017,-20.1486,272,Heavy,38,3,0
-35.3643,134.8909,281,Clear,39,1,17
1.3295,83.6357,167,Clear,51,1,3
88.7652,-178.2706,157,Detour,12,2,1
54.493,24.5979,145,Detour,49,2,12
49.7431,156.3216,276,Heavy,10,3,13
-86.9357,-84.9718,269,Heavy,25,3,13
-59.6078,157.02,300,Heavy,33,3,13
-10.9298,-89.0306,192,Heavy,60,3,14
-54.3571,-133.1938,118,Heavy,38,3,14
-82.1754,-169.4219,132,Clear,21,1,11
-11.3631,83.0819,129,Clear,31,1,11
-48.3838,-163.1177,202,Clear,43,1,16
7.0557,-122.6525,286,Clear,23,1,15
-1.0776,51.9075,122,Heavy,33,3,7
-81.5733,-17.3787,179,Heavy,53,3,14
75.2109,170.3371,210,Clear,12,1,9
-21.4288,-164.2915,223,Detour,59,2,5
-49.145,-120.0898,143,Detour,54,2,14
-87.3835,60.4609,166,Detour,53,2,14
69.6413,1.4327,289,Heavy,16,3,13
19.9466,-104.4665,140,Heavy,28,3,7
19.5573,171.8697,136,Heavy,47,3,12
-46.9621,87.6972,212,Detour,25,2,9
-34.4433,-4.0669,272,Detour,12,2,2
-7.8199,-78.215,299,Heavy,11,3,13
11.6611,44.7505,220,Heavy,30,3,10
-12.4175,135.9866,299,Clear,58,1,17
-79.3451,-52.5151,279,Heavy,17,3,13
24.4216,-7.0649,155,Clear,17,1,11
71.7196,-107.3427,131,Clear,47,1,3
-69.6585,23.6323,132,Heavy,16,3,7
67.365,71.5047,218,Detour,36,2,4
-31.9611,-75.8092,206,Heavy,56,3,14
-82.4812,139.058,299,Detour,34,2,8
25.3254,132.6264,240,Heavy,32,3,0
40.7401,110.4737,132,Detour,11,2,1
-53.779,30.8863,194,Detour,58,2,14
-39.3791,-53.1316,208,Heavy,24,3,10
46.2788,41.3453,142,Detour,56,2,12
-65.9199,-160.2292,273,Detour,53,2,5
-32.2707,98.1472,139,Clear,51,1,3
73.392,-62.3138,279,Heavy,20,3,13
77.7678,-165.1979,278,Clear,12,1,15
-2.8228,75.2804,294,Detour,32,2,8
-74.278,137.456,153,Detour,45,2,6
-21.5797,129.7599,208,Clear,39,1,9
35.9521,5.775,235,Clear,57,1,4
-8.7267,-140.3988,122,Clear,53,1,3
-56.1219,135.4235,198,Detour,29,2,9
23.2259,110.6901,266,Heavy,25,3,13
-53.6993,79.0096,268,Heavy,52,3,0
-3.822,-40.3169,116,Detour,47,2,6
-48.053,-175.0849,300,Clear,32,1,2
68.132,-51.5071,278,Clear,46,1,17
-80.4289,177.558,248,Heavy,52,3,0
42.9526,146.6224,109,Clear,19,1,11
-40.5556,55.0777,182,Detour,20,2,9
-12.7845,-147.2449,122,Clear,35,1,11
-63.6304,164.185,193,Heavy,38,3,10
21.8816,128.7922,164,Detour,24,2,9
-85.9619,103.5733,108,Heavy,44,3,6
-36.6154,-46.3008,276,Heavy,16,3,13
-85.0916,68.3039,104,Detour,30,2,6
-13.6168,-165.0825,111,Heavy,13,3,7
42.6032,146.1485,232,Heavy,13,3,10
86.8195,-21.0786,124,Detour,25,2,1
-82.6294,-72.3332,253,Clear,20,1,2
41.9728,81.4274,300,Detour,48,2,17
-7.3863,-44.8767,126,Heavy,11,3,7
-21.2573,12.4574,265,Heavy,17,3,13
-33.9378,-176.3102,105,Clear,46,1,3
23.9115,179.0046,172,Detour,10,2,9
-80.5196,-2.9668,123,Clear,52,1,3
45.8603,148.4775,282,Clear,19,1,8
60.0491,-175.5019,238,Detour,51,2,4
-33.9528,-54.2201,141,Heavy,50,3,14
7.9549,-109.2897,138,Heavy,17,3,7
-6.9237,20.9631,109,Detour,39,2,6
-80.5883,-167.4673,116,Detour,54,2,14
-60.3563,95.7232,256,Clear,42,1,17
-83.3207,19.9119,211,Clear,54,1,16
-54.4964,-93.8603,134,Heavy,43,3,14
66.5399,160.551,278,Detour,28,2,8
16.1144,-24.4118,151,Heavy,41,3,12
-84.9601,17.4992,224,Detour,15,2,2
-62.6441,-34.4446,147,Detour,55,2,14
82.9727,171.1469,233,Heavy,37,3,0
-50.8081,11.3148,153,Detour,43,2,6
67.8612,174.7961,186,Heavy,19,3,10
52.0415,-64.6403,287,Detour,41,2,5
-74.9003,146.0765,157,Clear,39,1,3
-10.7414,-56.5849,123,Heavy,24,3,7
77.436,42.529,165,Heavy,13,3,7
-39.701,158.9084,112,Detour,22,2,6
65.9337,130.6003,272,Detour,28,2,8
-3.7749,-110.6148,185,Heavy,23,3,10
-22.1627,-58.0963,116,Detour,45,2,6
-7.7974,-150.3367,148,Heavy,31,3,7
-47.9015,-121.4183,235,Heavy,27,3,13
64.0594,-102.2596,220,Heavy,34,3,0
38.5127,-17.3878,246,Detour,45,2,4
53.447,-162.7863,271,Heavy,38,3,0
77.998,-97.0043,119,Detour,32,2,1
-83.1143,74.21,127,Clear,18,1,11
14.4593,157.9293,247,Detour,35,2,8
-48.6056,-11.5509,134,Heavy,34,3,7
-11.6172,47.739,109,Heavy,26,3,7
17.7318,-166.4083,295,Detour,19,2,15
-31.4958,-37.5932,186,Clear,29,1,9
79.6896,84.1175,168,Detour,55,2,12
-79.5331,-178.6658,142,Detour,60,2,14
63.9549,-128.7581,201,Heavy,38,3,0
61.1522,5.9286,123,Detour,24,2,1
-26.3913,-155.6326,251,Clear,52,1,16
14.8779,-139.1721,102,Clear,50,1,3
49.6418,-121.3862,273,Heavy,18,3,13
-48.6654,115.3562,159,Detour,29,2,6
38.047,-80.0446,113,Clear,29,1,11
9.8934,13.9028,230,Heavy,45,3,0
-43.0411,-154.0658,275,Clear,52,1,16
-71.8307,-53.6072,200,Heavy,23,3,10
16.1221,79.0279,217,Detour,27,2,9
1.3877,64.0078,196,Detour,58,2,4
30.3691,-111.1134,139,Detour,34,2,1
53.517,152.1576,237,Clear,60,1,17
-20.984,-125.2428,240,Detour,18,2,2
-59.8257,-2.9502,293,Clear,35,1,2
-49.2845,40.5814,195,Clear,48,1,16
88.2246,-148.6037,223,Detour,24,2,15
-13.535,94.6256,146,Detour,39,2,6
57.1287,148.1805,126,Heavy,30,3,12
-61.8546,43.8074,117,Detour,39,2,6
9.0931,-155.6411,160,Clear,13,1,11
-19.6632,-133.2353,112,Detour,51,2,6
43.4429,-106.3154,216,Detour,60,2,4
-24.6226,30.2486,282,Clear,44,1,17
5.6237,177.8639,222,Detour,55,2,4
-49.8421,-83.2963,210,Heavy,50,3,14
22.5359,82.6248,248,Clear,34,1,17
30.8916,173.4833,284,Detour,22,2,8
3.0051,-89.4957,228,Clear,55,1,16
-9.8416,87.3444,259,Heavy,54,3,0
-84.6425,70.457,146,Heavy,36,3,14
1.8375,71.811,196,Clear,45,1,9
-69.8671,-68.073,238,Clear,19,1,2
72.8374,179.4522,285,Heavy,26,3,13
50.8775,-155.5478,191,Detour,45,2,4
23.7118,-92.9098,243,Clear,27,1,15
65.9641,85.9925,261,Detour,50,2,4
41.7285,131.8376,190,Heavy,18,3,10
-79.2933,52.6196,249,Clear,14,1,2
78.1285,162.4365,221,Detour,50,2,4
56.5445,31.2501,127,Heavy,23,3,7
44.2451,-34.2571,249,Clear,35,1,15
-27.8944,104.517,216,Detour,60,2,4
77.0206,0.8221,161,Heavy,11,3,7
72.3311,-105.9002,123,Detour,50,2,12
-30.4204,70.9998,148,Detour,50,2,6
-71.5279,-171.9428,119,Clear,14,1,11
-53.2492,-17.118,267,Detour,12,2,2
-30.8076,-167.4756,213,Detour,48,2,5
-44.764,-118.3579,131,Clear,18,1,11
47.5743,144.998,163,Clear,51,1,3
-23.2761,-88.0696,101,Detour,57,2,6
-18.8295,76.8645,147,Detour,41,2,6
58.3197,0.0698,286,Detour,44,2,8
-84.8788,-37.2609,111,Detour,11,2,11
28.387,33.4827,293,Detour,50,2,17
87.018,-27.3053,276,Clear,30,1,15
-9.7509,-86.2981,194,Detour,30,2,1
79.8212,-21.6975,275,Detour,38,2,8
33.0027,-70.5854,133,Heavy,10,3,7
-12.452,-174.3397,159,Heavy,42,3,14
-19.6171,-163.0539,170,Detour,37,2,1
13.7939,25.2973,232,Heavy,30,3,10
-46.8643,158.7293,245,Detour,25,2,8
-35.2452,78.2544,289,Heavy,37,3,13
17.5448,-68.5291,194,Detour,52,2,4
-87.1408,-147.3922,176,Detour,25,2,1
-73.5498,115.0268,267,Heavy,14,3,13
75.223,158.8602,283,Clear,57,1,17
-40.8267,51.4673,165,Detour,21,2,9
-80.2129,116.4288,273,Detour,49,2,17
18.761,139.9566,220,Clear,13,1,9
9.1346,9.0052,141,Clear,56,1,3
-28.6942,-75.4244,158,Detour,52,2,14
23.9592,-88.7602,171,Clear,36,1,3
68.1545,43.8007,265,Heavy,54,3,0
76.0358,53.043,178,Clear,28,1,9
-30.0307,157.1442,233,Clear,13,1,9
-79.2584,125.5026,227,Heavy,33,3,10
-86.6606,29.6786,253,Detour,35,2,5
-60.0975,-13.7518,108,Heavy,22,3,7
50.475,-168.8578,149,Clear,23,1,11
20.9244,-59.3367,102,Clear,31,1,11
-8.4784,117.2494,298,Clear,45,1,17
-30.809,-126.7483,178,Clear,31,1,11
17.9831,-135.1026,250,Clear,14,1,15
-28.2385,-87.7617,290,Heavy,18,3,13
18.1994,40.5771,240,Heavy,33,3,0
-3.5038,21.9533,205,Heavy,39,3,10
88.528,-0.3595,213,Detour,58,2,4
-24.7838,-21.176,153,Clear,51,1,3
56.1373,82.4192,245,Detour,52,2,4
-13.2882,-171.9473,111,Detour,38,2,1
68.9345,172.152,280,Clear,46,1,17
-80.9601,52.614,181,Heavy,43,3,14
57.2271,59.2588,115,Detour,46,2,12
82.6307,-111.6216,258,Clear,57,1,4
53.0221,110.4363,279,Detour,49,2,17
21.6362,35.7292,259,Clear,20,1,15
-0.5646,175.2938,298,Detour,40,2,8
-53.9744,-52.4536,246,Clear,52,1,16
70.9071,-64.7863,198,Detour,13,2,1
-32.3196,-16.4458,160,Clear,28,1,11
-9.6291,39.6506,203,Detour,39,2,9
-69.5639,-74.6473,278,Clear,20,1,2
49.043,-4.5352,259,Detour,49,2,4
69.7608,-77.0188,126,Detour,60,2,12
27.4034,-35.8705,231,Clear,26,1,15
-31.4314,-110.7069,143,Detour,21,2,1
63.5554,151.4083,197,Clear,34,1,9
86.6663,-8.1036,213,Detour,38,2,4
62.9549,134.6387,254,Heavy,58,3,0
57.555,179.2349,173,Heavy,55,3,12
-8.3428,-26.2702,140,Clear,18,1,11
-51.6025,114.3963,115,Heavy,14,3,7
-30.946,-65.5352,232,Heavy,41,3,0
-47.3503,-100.2211,244,Detour,26,2,2
29.2931,-63.656,259,Clear,17,1,15
-67.4262,-107.5156,123,Clear,34,1,11
82.8116,62.1983,228,Clear,51,1,4
58.6218,133.4487,269,Clear,60,1,17
-31.9959,164.6097,226,Heavy,47,3,0
84.8041,86.1533,246,Heavy,37,3,0
-11.147,-97.9335,111,Heavy,54,3,14
-9.8535,-164.784,238,Clear,15,1,15
35.674,177.2099,296,Heavy,35,3,13
87.965,-109.0684,150,Clear,21,1,1
68.1229,9.8155,157,Heavy,10,3,7
84.0215,75.4829,276,Heavy,13,3,13
73.9154,-123.8449,141,Detour,43,2,1
56.2829,49.0292,174,Heavy,13,3,10
-89.0981,33.8294,145,Heavy,30,3,14
0.4055,97.6022,202,Heavy,57,3,0
29.7128,-51.8993,164,Detour,24,2,1
76.8582,-8.4829,173,Heavy,55,3,12
-74.188,-176.0141,243,Clear,51,1,16
14.1533,164.1186,283,Heavy,50,3,0
3.9786,-135.2219,109,Heavy,47,3,12
-40.9216,27.5281,144,Clear,40,1,3
-58.4321,-90.5118,221,Heavy,20,3,10
41.7679,-95.8135,145,Heavy,20,3,7
61.9423,34.526,104,Heavy,24,3,7
46.9729,-36.5198,221,Clear,31,1,15
44.2477,175.0702,168,Detour,32,2,9
89.8701,73.6867,213,Heavy,32,3,10
-10.4792,-177.1239,272,Detour,56,2,5
-71.0609,75.3714,275,Detour,35,2,8
-76.791,18.3631,242,Heavy,10,3,13
59.8356,-114.4198,141,Clear,55,1,3
